Transaction Date,Post Date,Description,Category,Type,Amount,Memo
08/24/2025,08/27/2025,PAYPAL *GRAB,Travel,Sale,-11.80,
08/22/2025,08/26/2025,WOWPOINTS*TRAVEL CREDIT,Personal,Return,20.07,
08/21/2025,08/21/2025,AUTOMATIC PAYMENT - THANK,,Payment,598.03,
08/16/2025,08/17/2025,PAYPAL *GRAB,Travel,Sale,-26.92,
08/16/2025,08/17/2025,PAYPAL *GRAB,Travel,Sale,-28.14,
08/06/2025,08/06/2025,PP*APPLE.COM/BILL,Shopping,Sale,-4.40,
08/03/2025,08/04/2025,PAYPAL *GRAB,Travel,Sale,-9.07,
08/03/2025,08/03/2025,PUBLIC STORAGE 21615,Home,Sale,-229.00,
08/01/2025,08/03/2025,PP*APPLE.COM/BILL,Shopping,Sale,-9.92,
